<additional>
   <tlLogic id="-14" programID="myTrafficLights" offset="0" type="actuated">
   	<param key="max-gap" value="4.0"/>
   	<param key="detector-gap" value="3.0"/>
   	<phase duration="15" state="GGGGrrrrGGGGrrrr" minDur="5" maxDur="30"/>
   	<phase duration="2"  state="yyyyrrrryyyyuuuu"/>
   	<phase duration="10"  state="rrrruuuurrrrGGGG" minDur="8" maxDur="12"/>
   	<phase duration="15" state="rrrrGGGGrrrrGGyy" minDur="10" maxDur="20"/>
   	<phase duration="10" state="rrrrGGGGrrrryyrr" minDur="10" maxDur="15"/>
   	<phase duration="3"  state="uuuuyyyyuuuurrrr"/>
   </tlLogic>
</additional>
